release_date,period,actual_k,forecast_k,previous_k
2026-09-04,2026-08,162,41,21
2026-08-07,2026-07,-23,41,20
2026-07-02,2026-06,57,43,129
2026-06-05,2026-05,172,77,179
2026-05-08,2026-04,115,90,185
2026-04-03,2026-03,178,-6,-133
2026-03-06,2026-02,-92,79,126
2026-02-11,2026-01,130,89,48
2026-01-09,2025-12,50,100,56
2025-12-16,2025-11,64,120,-105
2025-11-20,2025-09,119,84,-4
2025-09-05,2025-08,22,129,79
2025-08-01,2025-07,73,132,14
2025-07-03,2025-06,147,130,144
2025-06-06,2025-05,139,131,147
2025-05-02,2025-04,177,126,185
2025-04-04,2025-03,228,139,117
2025-03-07,2025-02,151,193,125
2025-02-07,2025-01,143,208,307
2025-01-10,2024-12,256,213,212
2024-12-06,2024-11,227,176,36
2024-11-01,2024-10,12,229,223
2024-10-04,2024-09,254,267,159
2024-09-06,2024-08,142,104,89
2024-08-02,2024-07,114,241,179
2024-07-05,2024-06,206,287,218
2024-06-07,2024-05,272,218,165
2024-05-03,2024-04,175,197,315
2024-04-05,2024-03,303,176,270
2024-03-08,2024-02,275,220,229
2024-02-02,2024-01,353,186,333
2024-01-05,2023-12,216,1,173
2023-12-08,2023-11,199,-3,150
2023-11-03,2023-10,150,-8,297
2023-10-06,2023-09,336,1,227
2023-09-01,2023-08,187,12,157
2023-08-04,2023-07,187,-1,185
2023-07-07,2023-06,209,-19,306
2023-06-02,2023-05,339,1,294
2023-05-05,2023-04,253,23,165
2023-04-07,2023-03,236,-8,326
2023-03-10,2023-02,311,-35,504
2023-02-03,2023-01,517,16,260
2023-01-06,2022-12,223,57,256
2022-12-02,2022-11,263,-30,284
2022-11-04,2022-10,261,-97,315
2022-10-07,2022-09,263,33,315
2022-09-02,2022-08,315,156,526
2022-08-05,2022-07,528,-19,398
2022-07-08,2022-06,372,-229,384
